,0,1,2,3,4,5,6,7,8,9,10,11,12,13,14,15,16,accuracy,macro avg,weighted avg
precision,0.7524547803617571,0.0,0.5882352941176471,0.8285714285714286,1.0,0.9555555555555556,0.8795180722891566,0.0,0.7692307692307693,0.0,0.674074074074074,0.5943600867678959,0.7105263157894737,0.8611111111111112,0.75,0.0,0.8095238095238095,0.7244768547875713,0.5984212527878047,0.719580779997523
recall,0.902665840049597,0.0,0.5263157894736842,0.25,0.13333333333333333,0.581081081081081,0.6347826086956522,0.0,1.0,0.0,0.6546762589928058,0.8154761904761905,0.26732673267326734,0.8611111111111112,0.25396825396825395,0.0,0.8095238095238095,0.7244768547875713,0.45236829466934037,0.7244768547875713
f1-score,0.8207440811724915,0.0,0.5555555555555555,0.3841059602649006,0.23529411764705882,0.7226890756302521,0.7373737373737373,0.0,0.8695652173913044,0.0,0.6642335766423358,0.6875784190715183,0.3884892086330935,0.8611111111111112,0.3794466403162055,0.0,0.8095238095238095,0.7244768547875713,0.47739473590196324,0.6934450139339795
support,1613.0,8.0,228.0,116.0,45.0,74.0,115.0,4.0,70.0,2.0,139.0,336.0,101.0,36.0,189.0,57.0,21.0,0.7244768547875713,3154.0,3154.0
