,0,1,2,3,4,5,6,7,8,9,10,11,12,13,14,15,16,accuracy,macro avg,weighted avg
precision,0.8950877192982456,0.8252688172043011,0.8184713375796179,0.0,0.8426966292134831,0.778672032193159,0.87701317715959,0.8924914675767918,0.7327058823529412,0.8600405679513184,0.8225108225108225,0.0,0.8237547892720306,0.7184466019417476,0.6904761904761905,0.7985507246376812,0.927007299270073,0.8521540861634466,0.7237172975669408,0.8321692416231457
recall,0.8915424044734389,0.9808306709265175,0.9941972920696325,0.0,0.7853403141361257,0.9325301204819277,0.9787581699346405,0.9961904761904762,0.9121265377855887,0.8888888888888888,0.7966457023060797,0.0,0.7263513513513513,0.9736842105263158,0.8055555555555556,0.5164011246485474,0.9548872180451128,0.8521540861634466,0.7725841198423646,0.8521540861634466
f1-score,0.8933115442978872,0.8963503649635037,0.8978165938864628,0.0,0.8130081300813008,0.8486842105263157,0.9250965250965252,0.9414941494149415,0.8126304801670147,0.8742268041237112,0.8093716719914803,0.0,0.7719928186714543,0.8268156424581006,0.7435897435897436,0.6272054638588502,0.9407407407407407,0.8521540861634466,0.7424902872863548,0.8381626108179884
support,8584.0,313.0,517.0,283.0,191.0,415.0,612.0,525.0,1707.0,954.0,477.0,163.0,296.0,152.0,144.0,1067.0,266.0,0.8521540861634466,16666.0,16666.0
